<?xml version="1.0" encoding="utf-8"?>
<ScriptList xmlns:xsd="http://www.w3.org/2001/XMLSchema" xmlns:xsi="http://www.w3.org/2001/XMLSchema-instance">
  <scripts>
    <Script>
      <group>PMDG_737</group>
      <label>nav1_switch</label>
      <script>(L:pmdg_737_nav1) 0 == if{ 1 (&gt;L:pmdg_737_nav1) } els{ 0 (&gt;L:pmdg_737_nav1) }</script>
      <edition>&lt;Section xmlns="http://schemas.microsoft.com/winfx/2006/xaml/presentation" xml:space="preserve" TextAlignment="Left" LineHeight="Auto" IsHyphenationEnabled="False" xml:lang="en-us" FlowDirection="LeftToRight" NumberSubstitution.CultureSource="Text" NumberSubstitution.Substitution="AsCulture" FontFamily="Courier New" FontStyle="Normal" FontWeight="Normal" FontStretch="Normal" FontSize="12" Foreground="#FF000000" Typography.StandardLigatures="True" Typography.ContextualLigatures="True" Typography.DiscretionaryLigatures="False" Typography.HistoricalLigatures="False" Typography.AnnotationAlternates="0" Typography.ContextualAlternates="True" Typography.HistoricalForms="False" Typography.Kerning="True" Typography.CapitalSpacing="False" Typography.CaseSensitiveForms="False" Typography.StylisticSet1="False" Typography.StylisticSet2="False" Typography.StylisticSet3="False" Typography.StylisticSet4="False" Typography.StylisticSet5="False" Typography.StylisticSet6="False" Typography.StylisticSet7="False" Typography.StylisticSet8="False" Typography.StylisticSet9="False" Typography.StylisticSet10="False" Typography.StylisticSet11="False" Typography.StylisticSet12="False" Typography.StylisticSet13="False" Typography.StylisticSet14="False" Typography.StylisticSet15="False" Typography.StylisticSet16="False" Typography.StylisticSet17="False" Typography.StylisticSet18="False" Typography.StylisticSet19="False" Typography.StylisticSet20="False" Typography.Fraction="Normal" Typography.SlashedZero="False" Typography.MathematicalGreek="False" Typography.EastAsianExpertForms="False" Typography.Variants="Normal" Typography.Capitals="Normal" Typography.NumeralStyle="Normal" Typography.NumeralAlignment="Normal" Typography.EastAsianWidths="Normal" Typography.EastAsianLanguage="Normal" Typography.StandardSwashes="0" Typography.ContextualSwashes="0" Typography.StylisticAlternates="0"&gt;&lt;Paragraph&gt;&lt;Run xml:lang="fi-fi" Background="#FFFFFFFF"&gt;(L:pmdg_737_nav1)·0·==·if{·1·(&amp;gt;L:pmdg_737_nav1)·}·els{·0·(&amp;gt;L:pmdg_737_nav1)·}&lt;/Run&gt;&lt;/Paragraph&gt;&lt;/Section&gt;</edition>
    </Script>
    <Script>
      <group>PMDG_737</group>
      <label>nav2_switch</label>
      <script>(L:pmdg_737_nav2) 0 == if{ 1 (&gt;L:pmdg_737_nav2) } els{ 0 (&gt;L:pmdg_737_nav2) }</script>
      <edition>&lt;Section xmlns="http://schemas.microsoft.com/winfx/2006/xaml/presentation" xml:space="preserve" TextAlignment="Left" LineHeight="Auto" IsHyphenationEnabled="False" xml:lang="en-us" FlowDirection="LeftToRight" NumberSubstitution.CultureSource="Text" NumberSubstitution.Substitution="AsCulture" FontFamily="Courier New" FontStyle="Normal" FontWeight="Normal" FontStretch="Normal" FontSize="12" Foreground="#FF000000" Typography.StandardLigatures="True" Typography.ContextualLigatures="True" Typography.DiscretionaryLigatures="False" Typography.HistoricalLigatures="False" Typography.AnnotationAlternates="0" Typography.ContextualAlternates="True" Typography.HistoricalForms="False" Typography.Kerning="True" Typography.CapitalSpacing="False" Typography.CaseSensitiveForms="False" Typography.StylisticSet1="False" Typography.StylisticSet2="False" Typography.StylisticSet3="False" Typography.StylisticSet4="False" Typography.StylisticSet5="False" Typography.StylisticSet6="False" Typography.StylisticSet7="False" Typography.StylisticSet8="False" Typography.StylisticSet9="False" Typography.StylisticSet10="False" Typography.StylisticSet11="False" Typography.StylisticSet12="False" Typography.StylisticSet13="False" Typography.StylisticSet14="False" Typography.StylisticSet15="False" Typography.StylisticSet16="False" Typography.StylisticSet17="False" Typography.StylisticSet18="False" Typography.StylisticSet19="False" Typography.StylisticSet20="False" Typography.Fraction="Normal" Typography.SlashedZero="False" Typography.MathematicalGreek="False" Typography.EastAsianExpertForms="False" Typography.Variants="Normal" Typography.Capitals="Normal" Typography.NumeralStyle="Normal" Typography.NumeralAlignment="Normal" Typography.EastAsianWidths="Normal" Typography.EastAsianLanguage="Normal" Typography.StandardSwashes="0" Typography.ContextualSwashes="0" Typography.StylisticAlternates="0"&gt;&lt;Paragraph&gt;&lt;Run Background="#FFFFFFFF"&gt;(L:pmdg_737_nav2)·0·==·if{·1·(&amp;gt;L:pmdg_737_nav2)·}·els{·0·(&amp;gt;L:pmdg_737_nav2)·}&lt;/Run&gt;&lt;/Paragraph&gt;&lt;/Section&gt;</edition>
    </Script>
    <Script>
      <group>PMDG_737</group>
      <label>ped_nav1_dec</label>
      <script>(L:pmdg_737_nav1) 1 == if{ 73208 (&gt;K:ROTOR_BRAKE) } els{ 73308 (&gt;K:ROTOR_BRAKE) }</script>
      <edition>&lt;Section xmlns="http://schemas.microsoft.com/winfx/2006/xaml/presentation" xml:space="preserve" TextAlignment="Left" LineHeight="Auto" IsHyphenationEnabled="False" xml:lang="en-us" FlowDirection="LeftToRight" NumberSubstitution.CultureSource="Text" NumberSubstitution.Substitution="AsCulture" FontFamily="Courier New" FontStyle="Normal" FontWeight="Normal" FontStretch="Normal" FontSize="12" Foreground="#FF000000" Typography.StandardLigatures="True" Typography.ContextualLigatures="True" Typography.DiscretionaryLigatures="False" Typography.HistoricalLigatures="False" Typography.AnnotationAlternates="0" Typography.ContextualAlternates="True" Typography.HistoricalForms="False" Typography.Kerning="True" Typography.CapitalSpacing="False" Typography.CaseSensitiveForms="False" Typography.StylisticSet1="False" Typography.StylisticSet2="False" Typography.StylisticSet3="False" Typography.StylisticSet4="False" Typography.StylisticSet5="False" Typography.StylisticSet6="False" Typography.StylisticSet7="False" Typography.StylisticSet8="False" Typography.StylisticSet9="False" Typography.StylisticSet10="False" Typography.StylisticSet11="False" Typography.StylisticSet12="False" Typography.StylisticSet13="False" Typography.StylisticSet14="False" Typography.StylisticSet15="False" Typography.StylisticSet16="False" Typography.StylisticSet17="False" Typography.StylisticSet18="False" Typography.StylisticSet19="False" Typography.StylisticSet20="False" Typography.Fraction="Normal" Typography.SlashedZero="False" Typography.MathematicalGreek="False" Typography.EastAsianExpertForms="False" Typography.Variants="Normal" Typography.Capitals="Normal" Typography.NumeralStyle="Normal" Typography.NumeralAlignment="Normal" Typography.EastAsianWidths="Normal" Typography.EastAsianLanguage="Normal" Typography.StandardSwashes="0" Typography.ContextualSwashes="0" Typography.StylisticAlternates="0"&gt;&lt;Paragraph&gt;&lt;Run xml:lang="fi-fi" Background="#FFFFFFFF"&gt;(L:pmdg_737_nav1)·1·==·if{·73208·(&amp;gt;K:ROTOR_BRAKE)·}·els{·73308·(&amp;gt;K:ROTOR_BRAKE)·}&lt;/Run&gt;&lt;/Paragraph&gt;&lt;/Section&gt;</edition>
    </Script>
    <Script>
      <group>PMDG_737</group>
      <label>ped_nav1_inc</label>
      <script>(L:pmdg_737_nav1) 0 == if{ 73307 (&gt;K:ROTOR_BRAKE) } els{ 73207 (&gt;K:ROTOR_BRAKE) }</script>
      <edition>&lt;Section xmlns="http://schemas.microsoft.com/winfx/2006/xaml/presentation" xml:space="preserve" TextAlignment="Left" LineHeight="Auto" IsHyphenationEnabled="False" xml:lang="en-us" FlowDirection="LeftToRight" NumberSubstitution.CultureSource="Text" NumberSubstitution.Substitution="AsCulture" FontFamily="Courier New" FontStyle="Normal" FontWeight="Normal" FontStretch="Normal" FontSize="12" Foreground="#FF000000" Typography.StandardLigatures="True" Typography.ContextualLigatures="True" Typography.DiscretionaryLigatures="False" Typography.HistoricalLigatures="False" Typography.AnnotationAlternates="0" Typography.ContextualAlternates="True" Typography.HistoricalForms="False" Typography.Kerning="True" Typography.CapitalSpacing="False" Typography.CaseSensitiveForms="False" Typography.StylisticSet1="False" Typography.StylisticSet2="False" Typography.StylisticSet3="False" Typography.StylisticSet4="False" Typography.StylisticSet5="False" Typography.StylisticSet6="False" Typography.StylisticSet7="False" Typography.StylisticSet8="False" Typography.StylisticSet9="False" Typography.StylisticSet10="False" Typography.StylisticSet11="False" Typography.StylisticSet12="False" Typography.StylisticSet13="False" Typography.StylisticSet14="False" Typography.StylisticSet15="False" Typography.StylisticSet16="False" Typography.StylisticSet17="False" Typography.StylisticSet18="False" Typography.StylisticSet19="False" Typography.StylisticSet20="False" Typography.Fraction="Normal" Typography.SlashedZero="False" Typography.MathematicalGreek="False" Typography.EastAsianExpertForms="False" Typography.Variants="Normal" Typography.Capitals="Normal" Typography.NumeralStyle="Normal" Typography.NumeralAlignment="Normal" Typography.EastAsianWidths="Normal" Typography.EastAsianLanguage="Normal" Typography.StandardSwashes="0" Typography.ContextualSwashes="0" Typography.StylisticAlternates="0"&gt;&lt;Paragraph&gt;&lt;Run xml:lang="fi-fi" Background="#FFFFFFFF"&gt;(L:pmdg_737_nav1)·0·==·if{·73307·(&amp;gt;K:ROTOR_BRAKE)·}·els{·73207·(&amp;gt;K:ROTOR_BRAKE)·}&lt;/Run&gt;&lt;/Paragraph&gt;&lt;/Section&gt;</edition>
    </Script>
    <Script>
      <group>PMDG_737</group>
      <label>ped_nav1_xfr</label>
      <script>(L:pmdg_737_nav1) 0 == if{ 0 (&gt;L:pmdg_737_nav1) 72901 (&gt;K:ROTOR_BRAKE) } els{ 1 (&gt;L:pmdg_737_nav1) 72901 (&gt;K:ROTOR_BRAKE) }</script>
      <edition>&lt;Section xmlns="http://schemas.microsoft.com/winfx/2006/xaml/presentation" xml:space="preserve" TextAlignment="Left" LineHeight="Auto" IsHyphenationEnabled="False" xml:lang="en-us" FlowDirection="LeftToRight" NumberSubstitution.CultureSource="Text" NumberSubstitution.Substitution="AsCulture" FontFamily="Courier New" FontStyle="Normal" FontWeight="Normal" FontStretch="Normal" FontSize="12" Foreground="#FF000000" Typography.StandardLigatures="True" Typography.ContextualLigatures="True" Typography.DiscretionaryLigatures="False" Typography.HistoricalLigatures="False" Typography.AnnotationAlternates="0" Typography.ContextualAlternates="True" Typography.HistoricalForms="False" Typography.Kerning="True" Typography.CapitalSpacing="False" Typography.CaseSensitiveForms="False" Typography.StylisticSet1="False" Typography.StylisticSet2="False" Typography.StylisticSet3="False" Typography.StylisticSet4="False" Typography.StylisticSet5="False" Typography.StylisticSet6="False" Typography.StylisticSet7="False" Typography.StylisticSet8="False" Typography.StylisticSet9="False" Typography.StylisticSet10="False" Typography.StylisticSet11="False" Typography.StylisticSet12="False" Typography.StylisticSet13="False" Typography.StylisticSet14="False" Typography.StylisticSet15="False" Typography.StylisticSet16="False" Typography.StylisticSet17="False" Typography.StylisticSet18="False" Typography.StylisticSet19="False" Typography.StylisticSet20="False" Typography.Fraction="Normal" Typography.SlashedZero="False" Typography.MathematicalGreek="False" Typography.EastAsianExpertForms="False" Typography.Variants="Normal" Typography.Capitals="Normal" Typography.NumeralStyle="Normal" Typography.NumeralAlignment="Normal" Typography.EastAsianWidths="Normal" Typography.EastAsianLanguage="Normal" Typography.StandardSwashes="0" Typography.ContextualSwashes="0" Typography.StylisticAlternates="0"&gt;&lt;Paragraph&gt;&lt;Run xml:lang="fi-fi" Background="#FFFFFFFF"&gt;(L:pmdg_737_nav1)·0·==·if{·0·(&amp;gt;L:pmdg_737_nav1)·72901·(&amp;gt;K:ROTOR_BRAKE)·}·els{·1·(&amp;gt;L:pmdg_737_nav1)·72901·(&amp;gt;K:ROTOR_BRAKE)·}&lt;/Run&gt;&lt;/Paragraph&gt;&lt;/Section&gt;</edition>
    </Script>
    <Script>
      <group>PMDG_737</group>
      <label>ped_nav2_dec</label>
      <script>(L:pmdg_737_nav2) 1 == if{ 84808 (&gt;K:ROTOR_BRAKE) } els{ 84908 (&gt;K:ROTOR_BRAKE) }</script>
      <edition>&lt;Section xmlns="http://schemas.microsoft.com/winfx/2006/xaml/presentation" xml:space="preserve" TextAlignment="Left" LineHeight="Auto" IsHyphenationEnabled="False" xml:lang="en-us" FlowDirection="LeftToRight" NumberSubstitution.CultureSource="Text" NumberSubstitution.Substitution="AsCulture" FontFamily="Courier New" FontStyle="Normal" FontWeight="Normal" FontStretch="Normal" FontSize="12" Foreground="#FF000000" Typography.StandardLigatures="True" Typography.ContextualLigatures="True" Typography.DiscretionaryLigatures="False" Typography.HistoricalLigatures="False" Typography.AnnotationAlternates="0" Typography.ContextualAlternates="True" Typography.HistoricalForms="False" Typography.Kerning="True" Typography.CapitalSpacing="False" Typography.CaseSensitiveForms="False" Typography.StylisticSet1="False" Typography.StylisticSet2="False" Typography.StylisticSet3="False" Typography.StylisticSet4="False" Typography.StylisticSet5="False" Typography.StylisticSet6="False" Typography.StylisticSet7="False" Typography.StylisticSet8="False" Typography.StylisticSet9="False" Typography.StylisticSet10="False" Typography.StylisticSet11="False" Typography.StylisticSet12="False" Typography.StylisticSet13="False" Typography.StylisticSet14="False" Typography.StylisticSet15="False" Typography.StylisticSet16="False" Typography.StylisticSet17="False" Typography.StylisticSet18="False" Typography.StylisticSet19="False" Typography.StylisticSet20="False" Typography.Fraction="Normal" Typography.SlashedZero="False" Typography.MathematicalGreek="False" Typography.EastAsianExpertForms="False" Typography.Variants="Normal" Typography.Capitals="Normal" Typography.NumeralStyle="Normal" Typography.NumeralAlignment="Normal" Typography.EastAsianWidths="Normal" Typography.EastAsianLanguage="Normal" Typography.StandardSwashes="0" Typography.ContextualSwashes="0" Typography.StylisticAlternates="0"&gt;&lt;Paragraph&gt;&lt;Run Background="#FFFFFFFF"&gt;(L:pmdg_737_nav2)·1·==·if{·84808·(&amp;gt;K:ROTOR_BRAKE)·}·els{·84908·(&amp;gt;K:ROTOR_BRAKE)·}&lt;/Run&gt;&lt;/Paragraph&gt;&lt;/Section&gt;</edition>
    </Script>
    <Script>
      <group>PMDG_737</group>
      <label>ped_nav2_inc</label>
      <script>(L:pmdg_737_nav2) 0 == if{ 84907 (&gt;K:ROTOR_BRAKE) } els{ 84807 (&gt;K:ROTOR_BRAKE) }</script>
      <edition>&lt;Section xmlns="http://schemas.microsoft.com/winfx/2006/xaml/presentation" xml:space="preserve" TextAlignment="Left" LineHeight="Auto" IsHyphenationEnabled="False" xml:lang="en-us" FlowDirection="LeftToRight" NumberSubstitution.CultureSource="Text" NumberSubstitution.Substitution="AsCulture" FontFamily="Courier New" FontStyle="Normal" FontWeight="Normal" FontStretch="Normal" FontSize="12" Foreground="#FF000000" Typography.StandardLigatures="True" Typography.ContextualLigatures="True" Typography.DiscretionaryLigatures="False" Typography.HistoricalLigatures="False" Typography.AnnotationAlternates="0" Typography.ContextualAlternates="True" Typography.HistoricalForms="False" Typography.Kerning="True" Typography.CapitalSpacing="False" Typography.CaseSensitiveForms="False" Typography.StylisticSet1="False" Typography.StylisticSet2="False" Typography.StylisticSet3="False" Typography.StylisticSet4="False" Typography.StylisticSet5="False" Typography.StylisticSet6="False" Typography.StylisticSet7="False" Typography.StylisticSet8="False" Typography.StylisticSet9="False" Typography.StylisticSet10="False" Typography.StylisticSet11="False" Typography.StylisticSet12="False" Typography.StylisticSet13="False" Typography.StylisticSet14="False" Typography.StylisticSet15="False" Typography.StylisticSet16="False" Typography.StylisticSet17="False" Typography.StylisticSet18="False" Typography.StylisticSet19="False" Typography.StylisticSet20="False" Typography.Fraction="Normal" Typography.SlashedZero="False" Typography.MathematicalGreek="False" Typography.EastAsianExpertForms="False" Typography.Variants="Normal" Typography.Capitals="Normal" Typography.NumeralStyle="Normal" Typography.NumeralAlignment="Normal" Typography.EastAsianWidths="Normal" Typography.EastAsianLanguage="Normal" Typography.StandardSwashes="0" Typography.ContextualSwashes="0" Typography.StylisticAlternates="0"&gt;&lt;Paragraph&gt;&lt;Run Background="#FFFFFFFF"&gt;(L:pmdg_737_nav2)·0·==·if{·84907·(&amp;gt;K:ROTOR_BRAKE)·}·els{·84807·(&amp;gt;K:ROTOR_BRAKE)·}&lt;/Run&gt;&lt;/Paragraph&gt;&lt;/Section&gt;</edition>
    </Script>
    <Script>
      <group>PMDG_737</group>
      <label>ped_nav2_xfr</label>
      <script>(L:pmdg_737_nav2) 0 == if{ 0 (&gt;L:pmdg_737_nav2) 84501 (&gt;K:ROTOR_BRAKE) } els{ 1 (&gt;L:pmdg_737_nav2) 84501 (&gt;K:ROTOR_BRAKE) }</script>
      <edition>&lt;Section xmlns="http://schemas.microsoft.com/winfx/2006/xaml/presentation" xml:space="preserve" TextAlignment="Left" LineHeight="Auto" IsHyphenationEnabled="False" xml:lang="en-us" FlowDirection="LeftToRight" NumberSubstitution.CultureSource="Text" NumberSubstitution.Substitution="AsCulture" FontFamily="Courier New" FontStyle="Normal" FontWeight="Normal" FontStretch="Normal" FontSize="12" Foreground="#FF000000" Typography.StandardLigatures="True" Typography.ContextualLigatures="True" Typography.DiscretionaryLigatures="False" Typography.HistoricalLigatures="False" Typography.AnnotationAlternates="0" Typography.ContextualAlternates="True" Typography.HistoricalForms="False" Typography.Kerning="True" Typography.CapitalSpacing="False" Typography.CaseSensitiveForms="False" Typography.StylisticSet1="False" Typography.StylisticSet2="False" Typography.StylisticSet3="False" Typography.StylisticSet4="False" Typography.StylisticSet5="False" Typography.StylisticSet6="False" Typography.StylisticSet7="False" Typography.StylisticSet8="False" Typography.StylisticSet9="False" Typography.StylisticSet10="False" Typography.StylisticSet11="False" Typography.StylisticSet12="False" Typography.StylisticSet13="False" Typography.StylisticSet14="False" Typography.StylisticSet15="False" Typography.StylisticSet16="False" Typography.StylisticSet17="False" Typography.StylisticSet18="False" Typography.StylisticSet19="False" Typography.StylisticSet20="False" Typography.Fraction="Normal" Typography.SlashedZero="False" Typography.MathematicalGreek="False" Typography.EastAsianExpertForms="False" Typography.Variants="Normal" Typography.Capitals="Normal" Typography.NumeralStyle="Normal" Typography.NumeralAlignment="Normal" Typography.EastAsianWidths="Normal" Typography.EastAsianLanguage="Normal" Typography.StandardSwashes="0" Typography.ContextualSwashes="0" Typography.StylisticAlternates="0"&gt;&lt;Paragraph&gt;&lt;Run Background="#FFFFFFFF"&gt;(L:pmdg_737_nav&lt;/Run&gt;&lt;Run xml:lang="fi-fi" Background="#FFFFFFFF"&gt;2&lt;/Run&gt;&lt;Run Background="#FFFFFFFF"&gt;)·0·==·if{·&lt;/Run&gt;&lt;Run xml:lang="fi-fi" Background="#FFFFFFFF"&gt;0&lt;/Run&gt;&lt;Run Background="#FFFFFFFF"&gt;·(&amp;gt;L:pmdg_737_nav2)·84501·(&amp;gt;K:ROTOR_BRAKE)·}·els{·&lt;/Run&gt;&lt;Run xml:lang="fi-fi" Background="#FFFFFFFF"&gt;1&lt;/Run&gt;&lt;Run Background="#FFFFFFFF"&gt;·(&amp;gt;L:pmdg_737_nav2)·84501·(&amp;gt;K:ROTOR_BRAKE)·}&lt;/Run&gt;&lt;/Paragraph&gt;&lt;/Section&gt;</edition>
    </Script>
  </scripts>
</ScriptList>