<?xml version="1.0" encoding="utf-8"?>
<ScriptList xmlns:xsd="http://www.w3.org/2001/XMLSchema" xmlns:xsi="http://www.w3.org/2001/XMLSchema-instance">
  <scripts>
    <Script>
      <group>PMDG_737</group>
      <label>landing_gear_down</label>
      <script>(&gt;K:GEAR_DOWN)</script>
    </Script>
    <Script>
      <group>PMDG_737</group>
      <label>landing_gear_up</label>
      <script>(&gt;K:GEAR_UP)</script>
    </Script>
    <Script>
      <group>PMDG_737</group>
      <label>lights_afds_flood_lt_dec</label>
      <script>33808 (&gt;K:ROTOR_BRAKE)</script>
    </Script>
    <Script>
      <group>PMDG_737</group>
      <label>lights_afds_flood_lt_inc</label>
      <script>33807 (&gt;K:ROTOR_BRAKE)</script>
    </Script>
    <Script>
      <group>PMDG_737</group>
      <label>lights_background_lt_dec</label>
      <script>33708 (&gt;K:ROTOR_BRAKE)</script>
    </Script>
    <Script>
      <group>PMDG_737</group>
      <label>lights_background_lt_inc</label>
      <script>33707 (&gt;K:ROTOR_BRAKE)</script>
    </Script>
    <Script>
      <group>PMDG_737</group>
      <label>lights_dome_lt_btn</label>
      <script>(L:switch_258_73X, number) 0 == if{ 25808 (&gt;K:ROTOR_BRAKE) } (L:switch_258_73X, number) 50 == if{ 25808 (&gt;K:ROTOR_BRAKE) } (L:switch_258_73X, number) 100 == if{ 25807 (&gt;K:ROTOR_BRAKE) 25807 (&gt;K:ROTOR_BRAKE) }</script>
    </Script>
    <Script>
      <group>PMDG_737</group>
      <label>lights_main_panel_lt_dec</label>
      <script>32808 (&gt;K:ROTOR_BRAKE)</script>
    </Script>
    <Script>
      <group>PMDG_737</group>
      <label>lights_main_panel_lt_inc</label>
      <script>32807 (&gt;K:ROTOR_BRAKE)</script>
    </Script>
    <Script>
      <group>PMDG_737</group>
      <label>lights_ovhd_cb_lt_dec</label>
      <script>9408 (&gt;K:ROTOR_BRAKE)</script>
    </Script>
    <Script>
      <group>PMDG_737</group>
      <label>lights_ovhd_cb_lt_inc</label>
      <script>9407 (&gt;K:ROTOR_BRAKE)</script>
    </Script>
    <Script>
      <group>PMDG_737</group>
      <label>lights_ovhd_panel_lt_dec</label>
      <script>9508 (&gt;K:ROTOR_BRAKE)</script>
    </Script>
    <Script>
      <group>PMDG_737</group>
      <label>lights_ovhd_panel_lt_inc</label>
      <script>9507 (&gt;K:ROTOR_BRAKE)</script>
    </Script>
    <Script>
      <group>PMDG_737</group>
      <label>lights_ped_flood_lt_dec</label>
      <script>75608 (&gt;K:ROTOR_BRAKE)</script>
    </Script>
    <Script>
      <group>PMDG_737</group>
      <label>lights_ped_flood_lt_inc</label>
      <script>75607 (&gt;K:ROTOR_BRAKE)</script>
    </Script>
    <Script>
      <group>PMDG_737</group>
      <label>lights_ped_panel_lt_dec</label>
      <script>75708 (&gt;K:ROTOR_BRAKE)</script>
    </Script>
    <Script>
      <group>PMDG_737</group>
      <label>lights_ped_panel_lt_inc</label>
      <script>75707 (&gt;K:ROTOR_BRAKE)</script>
    </Script>
    <Script>
      <group>PMDG_737</group>
      <label>mcp_alt_hld_btn</label>
      <script>39401 (&gt;K:ROTOR_BRAKE)</script>
    </Script>
    <Script>
      <group>PMDG_737</group>
      <label>mcp_alt_intv_btn</label>
      <script>88501 (&gt;K:ROTOR_BRAKE)</script>
    </Script>
    <Script>
      <group>PMDG_737</group>
      <label>mcp_alt_rot_dec</label>
      <script>40008 (&gt;K:ROTOR_BRAKE)</script>
    </Script>
    <Script>
      <group>PMDG_737</group>
      <label>mcp_alt_rot_inc</label>
      <script>40007 (&gt;K:ROTOR_BRAKE)</script>
    </Script>
    <Script>
      <group>PMDG_737</group>
      <label>mcp_ap_diseng_btn</label>
      <script>40601 (&gt;K:ROTOR_BRAKE)</script>
    </Script>
    <Script>
      <group>PMDG_737</group>
      <label>mcp_app_btn</label>
      <script>39301 (&gt;K:ROTOR_BRAKE)</script>
    </Script>
    <Script>
      <group>PMDG_737</group>
      <label>mcp_at_arm</label>
      <script>38001 (&gt;K:ROTOR_BRAKE)</script>
    </Script>
    <Script>
      <group>PMDG_737</group>
      <label>mcp_bankangle_sel_btn</label>
      <script>(L:switch_389_73X, number) 0 &gt;= if{ 38907 (&gt;K:ROTOR_BRAKE) } (L:switch_389_73X, number) 40 == if{ 38908 (&gt;K:ROTOR_BRAKE) 38908 (&gt;K:ROTOR_BRAKE) 38908 (&gt;K:ROTOR_BRAKE) 38908 (&gt;K:ROTOR_BRAKE) 38908 (&gt;K:ROTOR_BRAKE) }</script>
    </Script>
    <Script>
      <group>PMDG_737</group>
      <label>mcp_bankangle_sel_dec</label>
      <script>38908 (&gt;K:ROTOR_BRAKE)</script>
    </Script>
    <Script>
      <group>PMDG_737</group>
      <label>mcp_bankangle_sel_inc</label>
      <script>38907 (&gt;K:ROTOR_BRAKE)</script>
    </Script>
    <Script>
      <group>PMDG_737</group>
      <label>mcp_baro_dec</label>
      <script>36508 (&gt;K:ROTOR_BRAKE)</script>
    </Script>
    <Script>
      <group>PMDG_737</group>
      <label>mcp_baro_in_hpa</label>
      <script>36601 (&gt;K:ROTOR_BRAKE)</script>
    </Script>
    <Script>
      <group>PMDG_737</group>
      <label>mcp_baro_inc</label>
      <script>36507 (&gt;K:ROTOR_BRAKE)</script>
    </Script>
    <Script>
      <group>PMDG_737</group>
      <label>mcp_baro_std</label>
      <script>36701 (&gt;K:ROTOR_BRAKE)</script>
    </Script>
    <Script>
      <group>PMDG_737</group>
      <label>mcp_cmd_a_btn</label>
      <script>40201 (&gt;K:ROTOR_BRAKE)</script>
    </Script>
    <Script>
      <group>PMDG_737</group>
      <label>mcp_cmd_b_btn</label>
      <script>40301 (&gt;K:ROTOR_BRAKE)</script>
    </Script>
    <Script>
      <group>PMDG_737</group>
      <label>mcp_co_btn</label>
      <script>38301 (&gt;K:ROTOR_BRAKE)</script>
    </Script>
    <Script>
      <group>PMDG_737</group>
      <label>mcp_course_left_rot_dec</label>
      <script>37608 (&gt;K:ROTOR_BRAKE)</script>
    </Script>
    <Script>
      <group>PMDG_737</group>
      <label>mcp_course_left_rot_inc</label>
      <script>37607 (&gt;K:ROTOR_BRAKE)</script>
    </Script>
    <Script>
      <group>PMDG_737</group>
      <label>mcp_course_right_rot_dec</label>
      <script>40908 (&gt;K:ROTOR_BRAKE)</script>
    </Script>
    <Script>
      <group>PMDG_737</group>
      <label>mcp_course_right_rot_inc</label>
      <script>40907 (&gt;K:ROTOR_BRAKE)</script>
    </Script>
    <Script>
      <group>PMDG_737</group>
      <label>mcp_efis_mode_ctr</label>
      <script>36001 (&gt;K:ROTOR_BRAKE)</script>
    </Script>
    <Script>
      <group>PMDG_737</group>
      <label>mcp_efis_mode_dec</label>
      <script>35908 (&gt;K:ROTOR_BRAKE)</script>
    </Script>
    <Script>
      <group>PMDG_737</group>
      <label>mcp_efis_mode_inc</label>
      <script>35907 (&gt;K:ROTOR_BRAKE)</script>
    </Script>
    <Script>
      <group>PMDG_737</group>
      <label>mcp_efis_range_dec</label>
      <script>36108 (&gt;K:ROTOR_BRAKE)</script>
    </Script>
    <Script>
      <group>PMDG_737</group>
      <label>mcp_efis_range_inc</label>
      <script>36107 (&gt;K:ROTOR_BRAKE)</script>
    </Script>
    <Script>
      <group>PMDG_737</group>
      <label>mcp_efis_tfc</label>
      <script>36201 (&gt;K:ROTOR_BRAKE)</script>
    </Script>
    <Script>
      <group>PMDG_737</group>
      <label>mcp_fd_both</label>
      <script>37801 (&gt;K:ROTOR_BRAKE) 40701 (&gt;K:ROTOR_BRAKE)</script>
    </Script>
    <Script>
      <group>PMDG_737</group>
      <label>mcp_fd_left</label>
      <script>37801 (&gt;K:ROTOR_BRAKE)</script>
    </Script>
    <Script>
      <group>PMDG_737</group>
      <label>mcp_fd_right</label>
      <script>40701 (&gt;K:ROTOR_BRAKE)</script>
    </Script>
    <Script>
      <group>PMDG_737</group>
      <label>mcp_hdg_rot_dec</label>
      <script>39008 (&gt;K:ROTOR_BRAKE)</script>
    </Script>
    <Script>
      <group>PMDG_737</group>
      <label>mcp_hdg_rot_inc</label>
      <script>39007 (&gt;K:ROTOR_BRAKE)</script>
    </Script>
    <Script>
      <group>PMDG_737</group>
      <label>mcp_hdgsel_btn</label>
      <script>39201 (&gt;K:ROTOR_BRAKE)</script>
    </Script>
    <Script>
      <group>PMDG_737</group>
      <label>mcp_iasmach_rot_dec</label>
      <script>38408 (&gt;K:ROTOR_BRAKE)</script>
    </Script>
    <Script>
      <group>PMDG_737</group>
      <label>mcp_iasmach_rot_inc</label>
      <script>38407 (&gt;K:ROTOR_BRAKE)</script>
    </Script>
    <Script>
      <group>PMDG_737</group>
      <label>mcp_lnav_btn</label>
      <script>39701 (&gt;K:ROTOR_BRAKE)</script>
    </Script>
    <Script>
      <group>PMDG_737</group>
      <label>mcp_lvlchg_btn</label>
      <script>39101 (&gt;K:ROTOR_BRAKE)</script>
    </Script>
    <Script>
      <group>PMDG_737</group>
      <label>mcp_master_caution_btn</label>
      <script>34801 (&gt;K:ROTOR_BRAKE)</script>
    </Script>
    <Script>
      <group>PMDG_737</group>
      <label>mcp_mins_dec</label>
      <script>35508 (&gt;K:ROTOR_BRAKE)</script>
    </Script>
    <Script>
      <group>PMDG_737</group>
      <label>mcp_mins_inc</label>
      <script>35507 (&gt;K:ROTOR_BRAKE)</script>
    </Script>
    <Script>
      <group>PMDG_737</group>
      <label>mcp_mins_selector</label>
      <script>35601 (&gt;K:ROTOR_BRAKE)</script>
    </Script>
    <Script>
      <group>PMDG_737</group>
      <label>mcp_n1</label>
      <script>38101 (&gt;K:ROTOR_BRAKE)</script>
    </Script>
    <Script>
      <group>PMDG_737</group>
      <label>mcp_spdintv_btn</label>
      <script>38701 (&gt;K:ROTOR_BRAKE)</script>
    </Script>
    <Script>
      <group>PMDG_737</group>
      <label>mcp_speed_btn</label>
      <script>38201 (&gt;K:ROTOR_BRAKE)</script>
    </Script>
    <Script>
      <group>PMDG_737</group>
      <label>mcp_vnav_btn</label>
      <script>38601 (&gt;K:ROTOR_BRAKE)</script>
    </Script>
    <Script>
      <group>PMDG_737</group>
      <label>mcp_vorloc_btn</label>
      <script>39601 (&gt;K:ROTOR_BRAKE)</script>
    </Script>
    <Script>
      <group>PMDG_737</group>
      <label>mcp_vs_btn</label>
      <script>39501 (&gt;K:ROTOR_BRAKE)</script>
    </Script>
    <Script>
      <group>PMDG_737</group>
      <label>mcp_vs_rot_dn</label>
      <script>40107 (&gt;K:ROTOR_BRAKE)</script>
    </Script>
    <Script>
      <group>PMDG_737</group>
      <label>mcp_vs_rot_up</label>
      <script>40108 (&gt;K:ROTOR_BRAKE)</script>
    </Script>
    <Script>
      <group>PMDG_737</group>
      <label>nav1_switch</label>
      <script>(L:pmdg_737_nav1) 0 == if{ 1 (&gt;L:pmdg_737_nav1) } els{ 0 (&gt;L:pmdg_737_nav1) }</script>
    </Script>
    <Script>
      <group>PMDG_737</group>
      <label>ovhd_alt_dec</label>
      <script>(L:pmdg_737_ovhd_alt) 0 == if{ 21808 (&gt;K:ROTOR_BRAKE) } els{ 22008 (&gt;K:ROTOR_BRAKE) }</script>
    </Script>
    <Script>
      <group>PMDG_737</group>
      <label>ovhd_alt_inc</label>
      <script>(L:pmdg_737_ovhd_alt) 0 == if{ 21807 (&gt;K:ROTOR_BRAKE) } els{ 22007 (&gt;K:ROTOR_BRAKE) }</script>
    </Script>
    <Script>
      <group>PMDG_737</group>
      <label>ovhd_alt_switch</label>
      <script>(L:pmdg_737_ovhd_alt) 0 == if{ 1 (&gt;L:pmdg_737_ovhd_alt) } els{ 0 (&gt;L:pmdg_737_ovhd_alt) }</script>
    </Script>
    <Script>
      <group>PMDG_737</group>
      <label>ovhd_anticol_lt</label>
      <script>12401 (&gt;K:ROTOR_BRAKE)</script>
    </Script>
    <Script>
      <group>PMDG_737</group>
      <label>ovhd_apu_bleed</label>
      <script>21101 (&gt;K:ROTOR_BRAKE)</script>
    </Script>
    <Script>
      <group>PMDG_737</group>
      <label>ovhd_apustart</label>
      <script>(L:switch_118_73X, number) 0 == if{ 11808 (&gt;K:ROTOR_BRAKE) 11808 (&gt;K:ROTOR_BRAKE) } (L:switch_118_73X, number) 50 == if{ 11807 (&gt;K:ROTOR_BRAKE) }</script>
    </Script>
    <Script>
      <group>PMDG_737</group>
      <label>ovhd_dc</label>
      <script>(L:switch_02_73X, number) 100 == if{ 0101 (&gt;K:ROTOR_BRAKE) 0201 (&gt;K:ROTOR_BRAKE) } els{ 0201 (&gt;K:ROTOR_BRAKE) 0101 (&gt;K:ROTOR_BRAKE) }</script>
    </Script>
    <Script>
      <group>PMDG_737</group>
      <label>ovhd_emer_lights</label>
      <script>(L:switch_101_73X, number) 100 == if{ 10101 (&gt;K:ROTOR_BRAKE) } els{ 10002 (&gt;K:ROTOR_BRAKE) 10002 (&gt;K:ROTOR_BRAKE) }</script>
    </Script>
    <Script>
      <group>PMDG_737</group>
      <label>ovhd_flt_alt_dec</label>
      <script>21808 (&gt;K:ROTOR_BRAKE)</script>
    </Script>
    <Script>
      <group>PMDG_737</group>
      <label>ovhd_flt_alt_inc</label>
      <script>21807 (&gt;K:ROTOR_BRAKE)</script>
    </Script>
    <Script>
      <group>PMDG_737</group>
      <label>ovhd_fuel_pumps</label>
      <script>3701 (&gt;K:ROTOR_BRAKE) 3801 (&gt;K:ROTOR_BRAKE) 3901 (&gt;K:ROTOR_BRAKE) 4001 (&gt;K:ROTOR_BRAKE)</script>
    </Script>
    <Script>
      <group>PMDG_737</group>
      <label>ovhd_gnd_pwr</label>
      <script>(L:switch_20_73X, number) 0 &gt; if{ 1701 (&gt;K:ROTOR_BRAKE) } els{ 1702 (&gt;K:ROTOR_BRAKE) }</script>
    </Script>
    <Script>
      <group>PMDG_737</group>
      <label>ovhd_hyd_pumps_off</label>
      <script>(L:switch_165_73X, number) 100 == if{ 16501 (&gt;K:ROTOR_BRAKE) } (L:switch_167_73X, number) 100 == if{ 16701 (&gt;K:ROTOR_BRAKE) } (L:switch_168_73X, number) 100 == if{ 16801 (&gt;K:ROTOR_BRAKE) } (L:switch_166_73X, number) 100 == if{ 16601 (&gt;K:ROTOR_BRAKE) }</script>
    </Script>
    <Script>
      <group>PMDG_737</group>
      <label>ovhd_hyd_pumps_on</label>
      <script>(L:switch_165_73X, number) 0 == if{ 16501 (&gt;K:ROTOR_BRAKE) } (L:switch_167_73X, number) 0 == if{ 16701 (&gt;K:ROTOR_BRAKE) } (L:switch_168_73X, number) 0 == if{ 16801 (&gt;K:ROTOR_BRAKE) } (L:switch_166_73X, number) 0 == if{ 16601 (&gt;K:ROTOR_BRAKE) }</script>
    </Script>
    <Script>
      <group>PMDG_737</group>
      <label>ovhd_irs_both</label>
      <script>(L:switch_255_73X, number) 0 &gt;= if{ 25507 (&gt;K:ROTOR_BRAKE) 25607 (&gt;K:ROTOR_BRAKE) } (L:switch_255_73X, number) 30 == if{ 25508 (&gt;K:ROTOR_BRAKE) 25508 (&gt;K:ROTOR_BRAKE) 25508 (&gt;K:ROTOR_BRAKE) 25608 (&gt;K:ROTOR_BRAKE) 25608 (&gt;K:ROTOR_BRAKE) 25608 (&gt;K:ROTOR_BRAKE) }</script>
    </Script>
    <Script>
      <group>PMDG_737</group>
      <label>ovhd_irs_left</label>
      <script>(L:switch_255_73X, number) 0 &gt;= if{ 25507 (&gt;K:ROTOR_BRAKE) } (L:switch_255_73X, number) 30 == if{ 25508 (&gt;K:ROTOR_BRAKE) 25508 (&gt;K:ROTOR_BRAKE) 25508 (&gt;K:ROTOR_BRAKE) }</script>
    </Script>
    <Script>
      <group>PMDG_737</group>
      <label>ovhd_irs_right</label>
      <script>(L:switch_256_73X, number) 0 &gt;= if{ 25607 (&gt;K:ROTOR_BRAKE) } (L:switch_256_73X, number) 30 == if{ 25608 (&gt;K:ROTOR_BRAKE) 25608 (&gt;K:ROTOR_BRAKE) 25608 (&gt;K:ROTOR_BRAKE) }</script>
    </Script>
    <Script>
      <group>PMDG_737</group>
      <label>ovhd_land_alt_dec</label>
      <script>22008 (&gt;K:ROTOR_BRAKE)</script>
    </Script>
    <Script>
      <group>PMDG_737</group>
      <label>ovhd_land_alt_inc</label>
      <script>22007 (&gt;K:ROTOR_BRAKE)</script>
    </Script>
    <Script>
      <group>PMDG_737</group>
      <label>ovhd_landing_lt</label>
      <script>11301 (&gt;K:ROTOR_BRAKE) 11401 (&gt;K:ROTOR_BRAKE)</script>
    </Script>
    <Script>
      <group>PMDG_737</group>
      <label>ovhd_logo_lt</label>
      <script>12201 (&gt;K:ROTOR_BRAKE)</script>
    </Script>
    <Script>
      <group>PMDG_737</group>
      <label>ovhd_pack_both</label>
      <script>(L:switch_200_73X, number) 0 &gt;= if{ 20008 (&gt;K:ROTOR_BRAKE) 20108 (&gt;K:ROTOR_BRAKE) } (L:switch_200_73X, number) 100 == if{ 20007 (&gt;K:ROTOR_BRAKE) 20007 (&gt;K:ROTOR_BRAKE) 20107 (&gt;K:ROTOR_BRAKE) 20107 (&gt;K:ROTOR_BRAKE) }</script>
    </Script>
    <Script>
      <group>PMDG_737</group>
      <label>ovhd_position_lt</label>
      <script>(L:switch_123_73X, number) 0 &gt;= if{ 12308 (&gt;K:ROTOR_BRAKE) } (L:switch_123_73X, number) 100 == if{ 12307 (&gt;K:ROTOR_BRAKE) 12307 (&gt;K:ROTOR_BRAKE) }</script>
    </Script>
    <Script>
      <group>PMDG_737</group>
      <label>ovhd_probe_heat_both</label>
      <script>14001 (&gt;K:ROTOR_BRAKE) 14101 (&gt;K:ROTOR_BRAKE)</script>
    </Script>
    <Script>
      <group>PMDG_737</group>
      <label>ovhd_seatbelt</label>
      <script>(L:switch_104_73X, number) 0 == if{ 10401 (&gt;K:ROTOR_BRAKE) } (L:switch_104_73X, number) 50 == if{ 10401 (&gt;K:ROTOR_BRAKE) } (L:switch_104_73X, number) 100 == if{ 10402 (&gt;K:ROTOR_BRAKE) 10402 (&gt;K:ROTOR_BRAKE) }</script>
    </Script>
    <Script>
      <group>PMDG_737</group>
      <label>ovhd_taxirwyturn_lt</label>
      <script>11501 (&gt;K:ROTOR_BRAKE) 11601 (&gt;K:ROTOR_BRAKE) 11701 (&gt;K:ROTOR_BRAKE)</script>
    </Script>
    <Script>
      <group>PMDG_737</group>
      <label>ovhd_window_heat_all</label>
      <script>13501 (&gt;K:ROTOR_BRAKE) 13601 (&gt;K:ROTOR_BRAKE) 13801 (&gt;K:ROTOR_BRAKE) 13901 (&gt;K:ROTOR_BRAKE)</script>
    </Script>
    <Script>
      <group>PMDG_737</group>
      <label>ovhd_yawdamper</label>
      <script>6301 (&gt;K:ROTOR_BRAKE)</script>
    </Script>
    <Script>
      <group>PMDG_737</group>
      <label>ped_eng_start_1</label>
      <script>68801 (&gt;K:ROTOR_BRAKE)</script>
    </Script>
    <Script>
      <group>PMDG_737</group>
      <label>ped_eng_start_2</label>
      <script>68901 (&gt;K:ROTOR_BRAKE)</script>
    </Script>
    <Script>
      <group>PMDG_737</group>
      <label>ped_nav1_dec</label>
      <script>(L:pmdg_737_nav1) 1 == if{ 73208 (&gt;K:ROTOR_BRAKE) } els{ 73308 (&gt;K:ROTOR_BRAKE) }</script>
    </Script>
    <Script>
      <group>PMDG_737</group>
      <label>ped_nav1_inc</label>
      <script>(L:pmdg_737_nav1) 0 == if{ 73307 (&gt;K:ROTOR_BRAKE) } els{ 73207 (&gt;K:ROTOR_BRAKE) }</script>
    </Script>
    <Script>
      <group>PMDG_737</group>
      <label>ped_nav1_khz_dec</label>
      <script>73208 (&gt;K:ROTOR_BRAKE)</script>
    </Script>
    <Script>
      <group>PMDG_737</group>
      <label>ped_nav1_khz_inc</label>
      <script>73207 (&gt;K:ROTOR_BRAKE)</script>
    </Script>
    <Script>
      <group>PMDG_737</group>
      <label>ped_nav1_mhz_dec</label>
      <script>73308 (&gt;K:ROTOR_BRAKE)</script>
    </Script>
    <Script>
      <group>PMDG_737</group>
      <label>ped_nav1_mhz_inc</label>
      <script>73307 (&gt;K:ROTOR_BRAKE)</script>
    </Script>
    <Script>
      <group>PMDG_737</group>
      <label>ped_nav1_xfr</label>
      <script>(L:pmdg_737_nav1) 0 == if{ 1 (&gt;L:pmdg_737_nav1) 72901 (&gt;K:ROTOR_BRAKE) } els{ 0 (&gt;L:pmdg_737_nav1) 72901 (&gt;K:ROTOR_BRAKE) }</script>
    </Script>
    <Script>
      <group>PMDG_737</group>
      <label>ped_parking_brake</label>
      <script>69301 (&gt;K:ROTOR_BRAKE)</script>
    </Script>
    <Script>
      <group>PMDG_737</group>
      <label>ped_vhf1_dec</label>
      <script>(L:pmdg_737_vhf1) 1 == if{ 72708 (&gt;K:ROTOR_BRAKE) } els{ 72608 (&gt;K:ROTOR_BRAKE) }</script>
    </Script>
    <Script>
      <group>PMDG_737</group>
      <label>ped_vhf1_inc</label>
      <script>(L:pmdg_737_vhf1) 1 == if{ 72707 (&gt;K:ROTOR_BRAKE) } els{ 72607 (&gt;K:ROTOR_BRAKE) }</script>
    </Script>
    <Script>
      <group>PMDG_737</group>
      <label>ped_vhf1_khz_dec</label>
      <script>72708 (&gt;K:ROTOR_BRAKE)</script>
    </Script>
    <Script>
      <group>PMDG_737</group>
      <label>ped_vhf1_khz_inc</label>
      <script>72707 (&gt;K:ROTOR_BRAKE)</script>
    </Script>
    <Script>
      <group>PMDG_737</group>
      <label>ped_vhf1_mhz_dec</label>
      <script>72608 (&gt;K:ROTOR_BRAKE)</script>
    </Script>
    <Script>
      <group>PMDG_737</group>
      <label>ped_vhf1_mhz_inc</label>
      <script>72607 (&gt;K:ROTOR_BRAKE)</script>
    </Script>
    <Script>
      <group>PMDG_737</group>
      <label>ped_vhf1_xfr</label>
      <script>(L:pmdg_737_vhf1) 0 == if{ 1 (&gt;L:pmdg_737_vhf1) 72101 (&gt;K:ROTOR_BRAKE) } els{ 0 (&gt;L:pmdg_737_vhf1) 72101 (&gt;K:ROTOR_BRAKE) }</script>
    </Script>
    <Script>
      <group>PMDG_737</group>
      <label>ped_xpndr_code_inner_l_dec</label>
      <script>80501 (&gt;K:ROTOR_BRAKE)</script>
    </Script>
    <Script>
      <group>PMDG_737</group>
      <label>ped_xpndr_code_inner_l_inc</label>
      <script>80502 (&gt;K:ROTOR_BRAKE)</script>
    </Script>
    <Script>
      <group>PMDG_737</group>
      <label>ped_xpndr_code_inner_r_dec</label>
      <script>80801 (&gt;K:ROTOR_BRAKE)</script>
    </Script>
    <Script>
      <group>PMDG_737</group>
      <label>ped_xpndr_code_inner_r_inc</label>
      <script>80802 (&gt;K:ROTOR_BRAKE)</script>
    </Script>
    <Script>
      <group>PMDG_737</group>
      <label>ped_xpndr_code_outer_l_dec</label>
      <script>80401 (&gt;K:ROTOR_BRAKE)</script>
    </Script>
    <Script>
      <group>PMDG_737</group>
      <label>ped_xpndr_code_outer_l_inc</label>
      <script>80402 (&gt;K:ROTOR_BRAKE)</script>
    </Script>
    <Script>
      <group>PMDG_737</group>
      <label>ped_xpndr_code_outer_r_dec</label>
      <script>80701 (&gt;K:ROTOR_BRAKE)</script>
    </Script>
    <Script>
      <group>PMDG_737</group>
      <label>ped_xpndr_code_outer_r_inc</label>
      <script>80702 (&gt;K:ROTOR_BRAKE)</script>
    </Script>
    <Script>
      <group>PMDG_737</group>
      <label>ped_xpndr_mode_sel</label>
      <script>(L:switch_800_73X, number) 0 &gt;= if{ 80002 (&gt;K:ROTOR_BRAKE) } (L:switch_800_73X, number) 40 == if{ 80001 (&gt;K:ROTOR_BRAKE) 80001 (&gt;K:ROTOR_BRAKE) 80001 (&gt;K:ROTOR_BRAKE) 80001 (&gt;K:ROTOR_BRAKE) }</script>
    </Script>
    <Script>
      <group>PMDG_737</group>
      <label>toga_switch</label>
      <script>68401 (&gt;K:ROTOR_BRAKE)</script>
    </Script>
    <Script>
      <group>PMDG_737</group>
      <label>vhf1_switch</label>
      <script>(L:pmdg_737_vhf1) 0 == if{ 1 (&gt;L:pmdg_737_vhf1) } els{ 0 (&gt;L:pmdg_737_vhf1) }</script>
    </Script>
    <Script>
      <group>PMDG_737</group>
      <label>XT_Lights</label>
      <script>(L:switch_378_73X, number) 0 == if{ 1 (&gt;MIDI:3:NoteOn:11:8) } els{ 0 (&gt;MIDI:3:NoteOn:11:8) } (L:switch_380_73X, number) 0 == if{ 1 (&gt;MIDI:3:NoteOn:11:9) } els{ 0 (&gt;MIDI:3:NoteOn:11:9) } (L:switch_3861_73X, number) 0 &gt; if{ 1 (&gt;MIDI:3:NoteOn:11:10) } els{ 0 (&gt;MIDI:3:NoteOn:11:10) } (L:switch_3971_73X, number) 0 &gt; if{ 1 (&gt;MIDI:3:NoteOn:11:11) } els{ 0 (&gt;MIDI:3:NoteOn:11:11) } (L:switch_3961_73X, number) 0 &gt; if{ 1 (&gt;MIDI:3:NoteOn:11:12) } els{ 0 (&gt;MIDI:3:NoteOn:11:12) } (L:switch_4021_73X, number) 0 &gt; if{ 1 (&gt;MIDI:3:NoteOn:11:13) } els{ 0 (&gt;MIDI:3:NoteOn:11:13) } (L:switch_4031_73X, number) 0 &gt; if{ 1 (&gt;MIDI:3:NoteOn:11:14) } els{ 0 (&gt;MIDI:3:NoteOn:11:14) } (L:switch_406_73X, number) 100 == if{ 1 (&gt;MIDI:3:NoteOn:11:15) } els{ 0 (&gt;MIDI:3:NoteOn:11:15) } (L:switch_117_73X, number) 100 == if{ 1 (&gt;MIDI:3:NoteOn:11:16) } els{ 0 (&gt;MIDI:3:NoteOn:11:16) } (L:switch_123_73X, number) 0 == if{ 1 (&gt;MIDI:3:NoteOn:11:17) } els{ 0 (&gt;MIDI:3:NoteOn:11:17) } (L:switch_113_73X, number) 100 == if{ 1 (&gt;MIDI:3:NoteOn:11:18) } els{ 0 (&gt;MIDI:3:NoteOn:11:18) } (L:switch_3811_73X, number) 0 &gt; if{ 1 (&gt;MIDI:3:NoteOn:11:19) } els{ 0 (&gt;MIDI:3:NoteOn:11:19) } (L:switch_3931_73X, number) 0 &gt; if{ 1 (&gt;MIDI:3:NoteOn:11:20) } els{ 0 (&gt;MIDI:3:NoteOn:11:20) } (L:switch_3911_73X, number) 0 &gt; if{ 1 (&gt;MIDI:3:NoteOn:11:22) } els{ 0 (&gt;MIDI:3:NoteOn:11:22) } (L:switch_693_73X, number) 100 == if{ 1 (&gt;MIDI:3:NoteOn:11:23) } els{ 0 (&gt;MIDI:3:NoteOn:11:23) } (L:switch_255_73X, number) 20 == if{ 1 (&gt;MIDI:3:NoteOn:11:32) } els{ 0 (&gt;MIDI:3:NoteOn:11:32) } (L:switch_101_73X, number) 0 == if{ 1 (&gt;MIDI:3:NoteOn:11:33) } els{ 0 (&gt;MIDI:3:NoteOn:11:33) } (L:switch_20_73X, number) 0 &gt; if{ 1 (&gt;MIDI:3:NoteOn:11:34) } els{ 0 (&gt;MIDI:3:NoteOn:11:34) } (L:switch_135_73X, number) 100 == if{ 1 (&gt;MIDI:3:NoteOn:11:35) } els{ 0 (&gt;MIDI:3:NoteOn:11:35) } (L:switch_37_73X, number) 100 == if{ 1 (&gt;MIDI:3:NoteOn:11:36) } els{ 0 (&gt;MIDI:3:NoteOn:11:36) } (L:switch_167_73X, number) 100 == if{ 1 (&gt;MIDI:3:NoteOn:11:37) } els{ 0 (&gt;MIDI:3:NoteOn:11:37) } (L:switch_104_73X, number) 0 &gt; if{ 1 (&gt;MIDI:3:NoteOn:11:38) } els{ 0 (&gt;MIDI:3:NoteOn:11:38) } (L:switch_122_73X, number) 100 == if{ 1 (&gt;MIDI:3:NoteOn:11:39) } els{ 0 (&gt;MIDI:3:NoteOn:11:39) } (L:switch_02_73X, number) 0 == if{ 1 (&gt;MIDI:3:NoteOn:11:40) } els{ 0 (&gt;MIDI:3:NoteOn:11:40) } (L:switch_118_73X, number) 50 == if{ 1 (&gt;MIDI:3:NoteOn:11:41) } els{ 0 (&gt;MIDI:3:NoteOn:11:41) } (L:switch_211_73X, number) 100 == if{ 1 (&gt;MIDI:3:NoteOn:11:42) } els{ 0 (&gt;MIDI:3:NoteOn:11:42) } (L:switch_140_73X, number) 100 == if{ 1 (&gt;MIDI:3:NoteOn:11:43) } els{ 0 (&gt;MIDI:3:NoteOn:11:43) } (L:switch_63_73X, number) 100 == if{ 1 (&gt;MIDI:3:NoteOn:11:44) } els{ 0 (&gt;MIDI:3:NoteOn:11:44) } (L:switch_124_73X, number) 100 == if{ 1 (&gt;MIDI:3:NoteOn:11:45) } els{ 0 (&gt;MIDI:3:NoteOn:11:45) } (L:switch_688_73X, number) 0 == if{ 1 (&gt;MIDI:3:NoteOn:11:46) } els{ 0 (&gt;MIDI:3:NoteOn:11:46) } (L:switch_689_73X, number) 0 == if{ 1 (&gt;MIDI:3:NoteOn:11:47) } els{ 0 (&gt;MIDI:3:NoteOn:11:47) }</script>
    </Script>
  </scripts>
</ScriptList>