<?xml version="1.0" encoding="utf-8"?>
<ScriptList xmlns:xsd="http://www.w3.org/2001/XMLSchema" xmlns:xsi="http://www.w3.org/2001/XMLSchema-instance">
  <scripts>
    <Script>
      <group>FBW_A32nx_Xtouch</group>
      <label>alt_dec</label>
      <script>3 (A:AUTOPILOT ALTITUDE LOCK VAR:3, feet) (L:XMLVAR_Autopilot_Altitude_Increment, feet) - (L:XMLVAR_Autopilot_Altitude_Increment, feet) (A:AUTOPILOT ALTITUDE LOCK VAR:3, feet) (L:XMLVAR_Autopilot_Altitude_Increment, feet) % - (L:XMLVAR_Autopilot_Altitude_Increment, feet) % + 100 max (&gt;K:2:AP_ALT_VAR_SET_ENGLISH) (&gt;H:AP_KNOB_Down) (&gt;H:A320_Neo_CDU_AP_DEC_ALT)</script>
    </Script>
    <Script>
      <group>FBW_A32nx_Xtouch</group>
      <label>alt_inc</label>
      <script>3 (A:AUTOPILOT ALTITUDE LOCK VAR:3, feet) (L:XMLVAR_Autopilot_Altitude_Increment, number) + (A:AUTOPILOT ALTITUDE LOCK VAR:3, feet) (L:XMLVAR_Autopilot_Altitude_Increment, number) % - 49000 min (&gt;K:2:AP_ALT_VAR_SET_ENGLISH) (&gt;H:AP_KNOB_Up) (&gt;H:A320_Neo_CDU_AP_INC_ALT)</script>
    </Script>
    <Script>
      <group>FBW_A32nx_Xtouch</group>
      <label>alt_incr_selector</label>
      <script>(L:XMLVAR_Autopilot_Altitude_Increment, number) 1000 == if{ 100 (&gt;L:XMLVAR_Autopilot_Altitude_Increment, number) } els{ 1000 (&gt;L:XMLVAR_Autopilot_Altitude_Increment, number) }</script>
    </Script>
    <Script>
      <group>FBW_A32nx_Xtouch</group>
      <label>strobes_toggle</label>
      <script>SIMPROC:(L:LIGHTING_STROBE_0, number) 0 == if{ 2 (&gt;L:LIGHTING_STROBE_0, number) 0 (&gt;A:LIGHT STROBE, number) } els{ (L:LIGHTING_STROBE_0, number) 1 == if{ 0 (&gt;L:LIGHTING_STROBE_0, number) 1 (&gt;A:LIGHT STROBE, number) } els{ (L:LIGHTING_STROBE_0, number) 2 == if{ 1 (&gt;L:LIGHTING_STROBE_0, number) 0 (&gt;A:LIGHT STROBE, number) } </script>
    </Script>
    <Script>
      <group>FBW_A32nx_Xtouch</group>
      <label>ldg_lights_retract</label>
      <script>SIMPROC:1 (&gt;L:LANDING_2_RETRACTED, number) 2 (&gt;L:LIGHTING_LANDING_2, number) 1 (&gt;L:LANDING_3_RETRACTED, number) 2 (&gt;L:LIGHTING_LANDING_3, number) 0 (&gt;A:CIRCUIT SWITCH ON:18, number) 0 (&gt;A:CIRCUIT SWITCH ON:19, number)</script>
    </Script>
    <Script>
      <group>FBW_A32nx_Xtouch</group>
      <label>ldg_lights_onoff</label>
      <script>SIMPROC:(L:LIGHTING_LANDING_2, number) &lt;=2 if{ 0 (&gt;L:LANDING_2_RETRACTED, number) 0 (&gt;L:LANDING_3_RETRACTED, number) 0 (&gt;L:LIGHTING_LANDING_2, number) 0 (&gt;L:LIGHTING_LANDING_3, number) 0 (&gt;L:LIGHTING_LANDING_1, number) 1 (&gt;A:CIRCUIT SWITCH ON:17, number) 1 (&gt;A:CIRCUIT SWITCH ON:18, number) 1 (&gt;A:CIRCUIT SWITCH ON:19, number) } els{ 1 (&gt;L:LIGHTING_LANDING_2, number) 1 (&gt;L:LIGHTING_LANDING_3, number) 1 (&gt;L:LIGHTING_LANDING_1, number) 0 (&gt;A:CIRCUIT SWITCH ON:18, number) 0 (&gt;A:CIRCUIT SWITCH ON:19, number) 1 (&gt;A:CIRCUIT SWITCH ON:20, number) 0 (&gt;A:CIRCUIT SWITCH ON:17, number) }</script>
    </Script>
    <Script>
      <group>FBW_A32nx_Xtouch</group>
      <label>taxi_to_lights</label>
      <script>SIMPROC:(A:LIGHT TAXI, bool) 0 == if{ 1 (&gt;A:LIGHT TAXI, bool) 1 (&gt;A:CIRCUIT SWITCH ON:20, number) 1 (&gt;A:CIRCUIT SWITCH ON:21, number) 1 (&gt;A:CIRCUIT SWITCH ON:22, number) } els{ 0 (&gt;A:LIGHT TAXI, bool) 0 (&gt;A:CIRCUIT SWITCH ON:20, number) 0 (&gt;A:CIRCUIT SWITCH ON:21, number) 0 (&gt;A:CIRCUIT SWITCH ON:21, number) }</script>
    </Script>
    <Script>
      <group>FBW_A32nx_Xtouch</group>
      <label>XT_Leds_FBW</label>
      <script>(A:AUTOPILOT FLIGHT DIRECTOR ACTIVE:1, bool) 1 == if{ 1 (&gt;MIDI:3:NoteOn:11:8) } els{ 0 (&gt;MIDI:3:NoteOn:11:8) } (L:BTN_LS_1_FILTER_ACTIVE, bool) 1 == if{ 1 (&gt;MIDI:3:NoteOn:11:9) } els{ 0 (&gt;MIDI:3:NoteOn:11:9) } (L:A32NX_FCU_LOC_MODE_ACTIVE, bool) 1 == if{ 1 (&gt;MIDI:3:NoteOn:11:10) } els{ 0 (&gt;MIDI:3:NoteOn:11:10) } (L:A32NX_AUTOPILOT_1_ACTIVE, bool) 1 == if{ 1 (&gt;MIDI:3:NoteOn:11:11) } els{ 0 (&gt;MIDI:3:NoteOn:11:11) } (L:A32NX_AUTOPILOT_2_ACTIVE, bool) 1 == if{ 1 (&gt;MIDI:3:NoteOn:11:12) } els{ 0 (&gt;MIDI:3:NoteOn:11:12) } (L:XMLVAR_Autopilot_Altitude_Increment, number) 1000 = if{ 1 (&gt;MIDI:3:NoteOn:11:13) } els{ 0 (&gt;MIDI:3:NoteOn:11:13) } (L:A32NX_SPOILERS_ARMED, bool) 1 == if{ 1 (&gt;MIDI:3:NoteOn:11:15) } els{ 0 (&gt;MIDI:3:NoteOn:11:15) } (L:LIGHTING_LANDING_1, number) 1 &lt;= if{ 1 (&gt;MIDI:3:NoteOn:11:16) } els{ 0 (&gt;MIDI:3:NoteOn:11:16) } (L:LIGHTING_STROBE_0, number) 0 == if{ 1 (&gt;MIDI:3:NoteOn:11:17) } els{ 0 (&gt;MIDI:3:NoteOn:11:17) } (L:LIGHTING_LANDING_2, number) 0 == if{ 1 (&gt;MIDI:3:NoteOn:11:18) } els{ 0 (&gt;MIDI:3:NoteOn:11:18) } (L:A32NX_AUTOTHRUST_STATUS, enum) 2 == if{ 1 (&gt;MIDI:3:NoteOn:11:19) } els{ 0 (&gt;MIDI:3:NoteOn:11:19) } (L:A32NX_FCU_APPR_MODE_ACTIVE, bool) 1 == if{ 1 (&gt;MIDI:3:NoteOn:11:20) } els{ 0 (&gt;MIDI:3:NoteOn:11:20) } (L:A32NX_TRK_FPA_MODE_ACTIVE, bool) 1 == if{ 1 (&gt;MIDI:3:NoteOn:11:21) } els{ 0 (&gt;MIDI:3:NoteOn:11:21) } (L:A32NX_PARK_BRAKE_LEVER_POS, bool) 1 == if{ 1 (&gt;MIDI:3:NoteOn:11:22) } els{ 0 (&gt;MIDI:3:NoteOn:11:22) } (L:A32NX_AUTOBRAKES_ARMED_MODE, number) 0 == if{ 0 (&gt;MIDI:3:NoteOn:11:23) } els{ 1 (&gt;MIDI:3:NoteOn:11:23) } (L:A32NX_OVHD_ADIRS_IR_1_MODE_SELECTOR_KNOB, number) 1 == if{ 1 (&gt;MIDI:3:NoteOn:11:32) } els{ 0 (&gt;MIDI:3:NoteOn:11:32) } (L:A32NX_OVHD_ADIRS_IR_2_MODE_SELECTOR_KNOB, number) 1 == if{ 1 (&gt;MIDI:3:NoteOn:11:33) } els{ 0 (&gt;MIDI:3:NoteOn:11:33) } (L:A32NX_OVHD_ADIRS_IR_3_MODE_SELECTOR_KNOB, number) 1 == if{ 1 (&gt;MIDI:3:NoteOn:11:34) } els{ 0 (&gt;MIDI:3:NoteOn:11:34) } (A:EXTERNAL POWER ON:1, bool) 1 == if{ 1 (&gt;MIDI:3:NoteOn:11:35) } els{ 0 (&gt;MIDI:3:NoteOn:11:35) } (L:A32NX_OVHD_ELEC_BAT_1_PB_IS_AUTO, Bool) 1 == if{ 1 (&gt;MIDI:3:NoteOn:11:36) } els{ 0 (&gt;MIDI:3:NoteOn:11:36) } (L:A32NX_OVHD_ELEC_BAT_2_PB_IS_AUTO, Bool) 1 == if{ 1 (&gt;MIDI:3:NoteOn:11:37) } els{ 0 (&gt;MIDI:3:NoteOn:11:37) } (L:LIGHTING_NAV_0, bool) 1 == if{ 1 (&gt;MIDI:3:NoteOn:11:38) } els{ 0 (&gt;MIDI:3:NoteOn:11:38) } (A:LIGHT POTENTIOMETER:7, Percent) 0 == if{ 0 (&gt;MIDI:3:NoteOn:11:39) } els{ 1 (&gt;MIDI:3:NoteOn:11:39) } (L:A32NX_OVHD_APU_MASTER_SW_PB_IS_ON, Bool) 1 == if{ 1 (&gt;MIDI:3:NoteOn:11:40) } els{ 0 (&gt;MIDI:3:NoteOn:11:40) } (L:A32NX_OVHD_APU_START_PB_IS_ON, Bool) 1 == if{ 1 (&gt;MIDI:3:NoteOn:11:41) } els{ 0 (&gt;MIDI:3:NoteOn:11:41) } (L:A32NX_OVHD_PNEU_APU_BLEED_PB_IS_ON, Bool) 1 == if{ 1 (&gt;MIDI:3:NoteOn:11:42) } els{ 0 (&gt;MIDI:3:NoteOn:11:42) } (L:LIGHTING_BEACON_0, bool) 1 == if{ 1 (&gt;MIDI:3:NoteOn:11:43) } els{ 0 (&gt;MIDI:3:NoteOn:11:43) } (A:CABIN SEATBELTS ALERT SWITCH, bool) 1 == if{ 1 (&gt;MIDI:3:NoteOn:11:44) } els{ 0 (&gt;MIDI:3:NoteOn:11:44) } (L:XMLVAR_SWITCH_OVHD_INTLT_NOSMOKING_Position, bool) 2 == if{ 0 (&gt;MIDI:3:NoteOn:11:45) } els{ 1 (&gt;MIDI:3:NoteOn:11:45) } (L:XMLVAR_SWITCH_OVHD_INTLT_EMEREXIT_Position, bool) 2 == if{ 0 (&gt;MIDI:3:NoteOn:11:46) } els{ 1 (&gt;MIDI:3:NoteOn:11:46) } (L:PUSH_OVHD_OXYGEN_CREW, bool) 0 == if{ 1 (&gt;MIDI:3:NoteOn:11:47) } els{ 0 (&gt;MIDI:3:NoteOn:11:47) } 27 (&gt;MIDI:3:CC:1:9) 27 (&gt;MIDI:3:CC:1:10) 27 (&gt;MIDI:3:CC:1:11) 27 (&gt;MIDI:3:CC:1:12) 27 (&gt;MIDI:3:CC:1:13) 27 (&gt;MIDI:3:CC:1:14) 27 (&gt;MIDI:3:CC:1:15) 27 (&gt;MIDI:3:CC:1:16)</script>
    </Script>
  </scripts>
</ScriptList>